Re,Stenosis length/Radius,Degree of stenosis,Asymmetry,Pressure difference
30,5.0,0.0,1.0,8.314285714285713
50,5.0,0.0,1.0,4.813714285714284
100,5.0,0.0,1.0,2.4222857142857133
200,5.0,0.0,1.0,1.2014999999999996
300,5.0,0.0,1.0,0.8048571428571426
400,5.0,0.0,1.0,0.6017142857142855
500,5.0,0.0,1.0,0.48198857142857143
600,5.0,0.0,1.0,0.401142857142857
700,5.0,0.0,1.0,0.3441516034985422
800,5.0,0.0,1.0,0.30073660714285705
30,5.0,0.0,0.5,8.314285714285713
50,5.0,0.0,0.5,4.813714285714284
100,5.0,0.0,0.5,2.4222857142857133
200,5.0,0.0,0.5,1.2014999999999996
300,5.0,0.0,0.5,0.8048571428571426
400,5.0,0.0,0.5,0.6017142857142855
500,5.0,0.0,0.5,0.48198857142857143
600,5.0,0.0,0.5,0.401142857142857
700,5.0,0.0,0.5,0.3441516034985422
800,5.0,0.0,0.5,0.30073660714285705
30,5.0,0.0,0.0,8.314285714285713
50,5.0,0.0,0.0,4.813714285714284
100,5.0,0.0,0.0,2.4222857142857133
200,5.0,0.0,0.0,1.2014999999999996
300,5.0,0.0,0.0,0.8048571428571426
400,5.0,0.0,0.0,0.6017142857142855
500,5.0,0.0,0.0,0.48198857142857143
600,5.0,0.0,0.0,0.401142857142857
700,5.0,0.0,0.0,0.3441516034985422
800,5.0,0.0,0.0,0.30073660714285705
30,2.5,0.0,1.0,6.942857142857142
50,2.5,0.0,1.0,4.01142857142857
100,2.5,0.0,1.0,2.013428571428571
200,2.5,0.0,1.0,1.0009285714285712
300,2.5,0.0,1.0,0.6702857142857142
400,2.5,0.0,1.0,0.5009464285714283
500,2.5,0.0,1.0,0.40145142857142857
600,2.5,0.0,1.0,0.3338571428571428
700,2.5,0.0,1.0,0.2865306122448979
800,2.5,0.0,1.0,0.25035267857142846
30,2.5,0.0,0.5,6.942857142857142
50,2.5,0.0,0.5,4.01142857142857
100,2.5,0.0,0.5,2.013428571428571
200,2.5,0.0,0.5,1.0009285714285712
300,2.5,0.0,0.5,0.6702857142857142
400,2.5,0.0,0.5,0.5009464285714283
500,2.5,0.0,0.5,0.40145142857142857
600,2.5,0.0,0.5,0.3338571428571428
700,2.5,0.0,0.5,0.2865306122448979
800,2.5,0.0,0.5,0.25035267857142846
30,2.5,0.0,0.0,6.942857142857142
50,2.5,0.0,0.0,4.01142857142857
100,2.5,0.0,0.0,2.013428571428571
200,2.5,0.0,0.0,1.0009285714285712
300,2.5,0.0,0.0,0.6702857142857142
400,2.5,0.0,0.0,0.5009464285714283
500,2.5,0.0,0.0,0.40145142857142857
600,2.5,0.0,0.0,0.3338571428571428
700,2.5,0.0,0.0,0.2865306122448979
800,2.5,0.0,0.0,0.25035267857142846
30,10.0,0.0,1.0,11.142857142857142
50,10.0,0.0,1.0,6.510857142857141
100,10.0,0.0,1.0,3.3094285714285703
200,10.0,0.0,1.0,1.6547142857142851
300,10.0,0.0,1.0,1.1091428571428568
400,10.0,0.0,1.0,0.8302499999999997
500,10.0,0.0,1.0,0.6631199999999999
600,10.0,0.0,1.0,0.5489999999999998
700,10.0,0.0,1.0,0.4678950437317783
800,10.0,0.0,1.0,0.4057232142857141
30,10.0,0.0,0.5,11.142857142857142
50,10.0,0.0,0.5,6.510857142857141
100,10.0,0.0,0.5,3.3094285714285703
200,10.0,0.0,0.5,1.6547142857142851
300,10.0,0.0,0.5,1.1091428571428568
400,10.0,0.0,0.5,0.8302499999999997
500,10.0,0.0,0.5,0.6631199999999999
600,10.0,0.0,0.5,0.5489999999999998
700,10.0,0.0,0.5,0.4678950437317783
800,10.0,0.0,0.5,0.4057232142857141
30,10.0,0.0,0.0,11.142857142857142
50,10.0,0.0,0.0,6.510857142857141
100,10.0,0.0,0.0,3.3094285714285703
200,10.0,0.0,0.0,1.6547142857142851
300,10.0,0.0,0.0,1.1091428571428568
400,10.0,0.0,0.0,0.8302499999999997
500,10.0,0.0,0.0,0.6631199999999999
600,10.0,0.0,0.0,0.5489999999999998
700,10.0,0.0,0.0,0.4678950437317783
800,10.0,0.0,0.0,0.4057232142857141
30,15.0,0.0,1.0,13.97142857142857
50,15.0,0.0,1.0,8.207999999999997
100,15.0,0.0,1.0,4.165714285714285
200,15.0,0.0,1.0,2.096357142857142
300,15.0,0.0,1.0,1.420285714285714
400,15.0,0.0,1.0,1.0771071428571424
500,15.0,0.0,1.0,0.87264
600,15.0,0.0,1.0,0.7334999999999998
700,15.0,0.0,1.0,0.6347755102040815
800,15.0,0.0,1.0,0.5590446428571426
30,15.0,0.0,0.5,13.97142857142857
50,15.0,0.0,0.5,8.207999999999997
100,15.0,0.0,0.5,4.165714285714285
200,15.0,0.0,0.5,2.096357142857142
300,15.0,0.0,0.5,1.420285714285714
400,15.0,0.0,0.5,1.0771071428571424
500,15.0,0.0,0.5,0.87264
600,15.0,0.0,0.5,0.7334999999999998
700,15.0,0.0,0.5,0.6347755102040815
800,15.0,0.0,0.5,0.5590446428571426
30,15.0,0.0,0.0,13.97142857142857
50,15.0,0.0,0.0,8.207999999999997
100,15.0,0.0,0.0,4.165714285714285
200,15.0,0.0,0.0,2.096357142857142
300,15.0,0.0,0.0,1.420285714285714
400,15.0,0.0,0.0,1.0771071428571424
500,15.0,0.0,0.0,0.87264
600,15.0,0.0,0.0,0.7334999999999998
700,15.0,0.0,0.0,0.6347755102040815
800,15.0,0.0,0.0,0.5590446428571426
30,20.0,0.0,1.0,16.799999999999997
50,20.0,0.0,1.0,9.812571428571426
100,20.0,0.0,1.0,4.991142857142855
200,20.0,0.0,1.0,2.5109999999999992
300,20.0,0.0,1.0,1.701428571428571
400,20.0,0.0,1.0,1.2906964285714282
500,20.0,0.0,1.0,1.0460571428571428
600,20.0,0.0,1.0,0.879642857142857
700,20.0,0.0,1.0,0.7616676384839649
800,20.0,0.0,1.0,0.6710223214285712
30,20.0,0.0,0.5,16.799999999999997
50,20.0,0.0,0.5,9.812571428571426
100,20.0,0.0,0.5,4.991142857142855
200,20.0,0.0,0.5,2.5109999999999992
300,20.0,0.0,0.5,1.701428571428571
400,20.0,0.0,0.5,1.2906964285714282
500,20.0,0.0,0.5,1.0460571428571428
600,20.0,0.0,0.5,0.879642857142857
700,20.0,0.0,0.5,0.7616676384839649
800,20.0,0.0,0.5,0.6710223214285712
30,20.0,0.0,0.0,16.799999999999997
50,20.0,0.0,0.0,9.812571428571426
100,20.0,0.0,0.0,4.991142857142855
200,20.0,0.0,0.0,2.5109999999999992
300,20.0,0.0,0.0,1.701428571428571
400,20.0,0.0,0.0,1.2906964285714282
500,20.0,0.0,0.0,1.0460571428571428
600,20.0,0.0,0.0,0.879642857142857
700,20.0,0.0,0.0,0.7616676384839649
800,20.0,0.0,0.0,0.6710223214285712
30,30.0,0.0,1.0,22.37142857142857
50,30.0,0.0,1.0,13.11428571428571
100,30.0,0.0,1.0,6.657428571428569
200,30.0,0.0,1.0,3.34992857142857
300,30.0,0.0,1.0,2.269714285714285
400,30.0,0.0,1.0,1.7217321428571422
500,30.0,0.0,1.0,1.3959771428571428
600,30.0,0.0,1.0,1.174285714285714
700,30.0,0.0,1.0,1.0173411078717198
800,30.0,0.0,1.0,0.8969062499999997
30,30.0,0.0,0.5,22.37142857142857
50,30.0,0.0,0.5,13.11428571428571
100,30.0,0.0,0.5,6.657428571428569
200,30.0,0.0,0.5,3.34992857142857
300,30.0,0.0,0.5,2.269714285714285
400,30.0,0.0,0.5,1.7217321428571422
500,30.0,0.0,0.5,1.3959771428571428
600,30.0,0.0,0.5,1.174285714285714
700,30.0,0.0,0.5,1.0173411078717198
800,30.0,0.0,0.5,0.8969062499999997
30,30.0,0.0,0.0,22.37142857142857
50,30.0,0.0,0.0,13.11428571428571
100,30.0,0.0,0.0,6.657428571428569
200,30.0,0.0,0.0,3.34992857142857
300,30.0,0.0,0.0,2.269714285714285
400,30.0,0.0,0.0,1.7217321428571422
500,30.0,0.0,0.0,1.3959771428571428
600,30.0,0.0,0.0,1.174285714285714
700,30.0,0.0,0.0,1.0173411078717198
800,30.0,0.0,0.0,0.8969062499999997
800,20.0,0.1,0.0,0.9337901785714282
30,5.0,0.1,1.0,9.342857142857142
50,5.0,0.1,1.0,5.492571428571426
100,5.0,0.1,1.0,2.8157142857142845
200,5.0,0.1,1.0,1.446428571428571
300,5.0,0.1,1.0,0.9959999999999998
400,5.0,0.1,1.0,0.7637142857142855
500,5.0,0.1,1.0,0.62424
600,5.0,0.1,1.0,0.5284285714285712
700,5.0,0.1,1.0,0.46018075801749264
800,5.0,0.1,1.0,0.40753124999999985
30,5.0,0.1,0.5,9.342857142857142
50,5.0,0.1,0.5,5.461714285714284
100,5.0,0.1,0.5,2.807999999999999
200,5.0,0.1,0.5,1.4406428571428567
300,5.0,0.1,0.5,0.9917142857142854
400,5.0,0.1,0.5,0.7603392857142854
500,5.0,0.1,0.5,0.62208
600,5.0,0.1,0.5,0.5269285714285713
700,5.0,0.1,0.5,0.45923615160349845
800,5.0,0.1,0.5,0.40596428571428556
30,5.0,0.1,0.0,9.17142857142857
50,5.0,0.1,0.0,5.369142857142855
100,5.0,0.1,0.0,2.746285714285713
200,5.0,0.1,0.0,1.4078571428571423
300,5.0,0.1,0.0,0.9677142857142854
400,5.0,0.1,0.0,0.7434642857142855
500,5.0,0.1,0.0,0.6109714285714285
600,5.0,0.1,0.0,0.5207142857142856
700,5.0,0.1,0.0,0.4570320699708454
800,5.0,0.1,0.0,0.4047589285714284
30,2.5,0.1,1.0,7.457142857142856
50,2.5,0.1,1.0,4.381714285714284
100,2.5,0.1,1.0,2.244857142857142
200,2.5,0.1,1.0,1.1474999999999995
300,2.5,0.1,1.0,0.784285714285714
400,2.5,0.1,1.0,0.5973749999999998
500,2.5,0.1,1.0,0.48569142857142855
600,2.5,0.1,1.0,0.4090714285714285
700,2.5,0.1,1.0,0.35485714285714276
800,2.5,0.1,1.0,0.3131517857142856
30,2.5,0.1,0.5,7.457142857142856
50,2.5,0.1,0.5,4.381714285714284
100,2.5,0.1,0.5,2.244857142857142
200,2.5,0.1,0.5,1.1455714285714282
300,2.5,0.1,0.5,0.7808571428571427
400,2.5,0.1,0.5,0.593517857142857
500,2.5,0.1,0.5,0.4807542857142857
600,2.5,0.1,0.5,0.40371428571428564
700,2.5,0.1,0.5,0.3487172011661807
800,2.5,0.1,0.5,0.30664285714285705
30,2.5,0.1,0.0,7.457142857142856
50,2.5,0.1,0.0,4.381714285714284
100,2.5,0.1,0.0,2.237142857142856
200,2.5,0.1,0.0,1.1417142857142852
300,2.5,0.1,0.0,0.7782857142857141
400,2.5,0.1,0.0,0.5915892857142855
500,2.5,0.1,0.0,0.4798285714285714
600,2.5,0.1,0.0,0.40307142857142847
700,2.5,0.1,0.0,0.3485597667638483
800,2.5,0.1,0.0,0.30664285714285705
30,10.0,0.1,1.0,13.028571428571427
50,10.0,0.1,1.0,7.6525714285714255
100,10.0,0.1,1.0,3.9111428571428557
200,10.0,0.1,1.0,2.009571428571428
300,10.0,0.1,1.0,1.3851428571428568
400,10.0,0.1,1.0,1.0640892857142854
500,10.0,0.1,1.0,0.8714057142857142
600,10.0,0.1,1.0,0.7382142857142855
700,10.0,0.1,1.0,0.643276967930029
800,10.0,0.1,1.0,0.5695312499999998
30,10.0,0.1,0.5,13.028571428571427
50,10.0,0.1,0.5,7.621714285714283
100,10.0,0.1,0.5,3.9111428571428557
200,10.0,0.1,0.5,2.005714285714285
300,10.0,0.1,0.5,1.384285714285714
400,10.0,0.1,0.5,1.0640892857142854
500,10.0,0.1,0.5,0.8720228571428571
600,10.0,0.1,0.5,0.7397142857142855
700,10.0,0.1,0.5,0.6450087463556851
800,10.0,0.1,0.5,0.5717008928571427
30,10.0,0.1,0.0,13.028571428571427
50,10.0,0.1,0.0,7.621714285714283
100,10.0,0.1,0.0,3.90342857142857
200,10.0,0.1,0.0,1.9979999999999993
300,10.0,0.1,0.0,1.377428571428571
400,10.0,0.1,0.0,1.0583035714285711
500,10.0,0.1,0.0,0.8673942857142857
600,10.0,0.1,0.0,0.7358571428571427
700,10.0,0.1,0.0,0.6418600583090378
800,10.0,0.1,0.0,0.5692901785714284
30,15.0,0.1,1.0,16.799999999999997
50,15.0,0.1,1.0,9.843428571428568
100,15.0,0.1,1.0,5.03742857142857
200,15.0,0.1,1.0,2.5862142857142847
300,15.0,0.1,1.0,1.7957142857142852
400,15.0,0.1,1.0,1.3938749999999995
500,15.0,0.1,1.0,1.1552914285714284
600,15.0,0.1,1.0,0.9914999999999997
700,15.0,0.1,1.0,0.8750204081632651
800,15.0,0.1,1.0,0.7848080357142855
30,15.0,0.1,0.5,16.799999999999997
50,15.0,0.1,0.5,9.843428571428568
100,15.0,0.1,0.5,5.029714285714284
200,15.0,0.1,0.5,2.578499999999999
300,15.0,0.1,0.5,1.785428571428571
400,15.0,0.1,0.5,1.3827857142857138
500,15.0,0.1,0.5,1.1435657142857143
600,15.0,0.1,0.5,0.9794999999999997
700,15.0,0.1,0.5,0.8628979591836733
800,15.0,0.1,0.5,0.772754464285714
30,15.0,0.1,0.0,16.799999999999997
50,15.0,0.1,0.0,9.843428571428568
100,15.0,0.1,0.0,5.029714285714284
200,15.0,0.1,0.0,2.5804285714285706
300,15.0,0.1,0.0,1.7888571428571425
400,15.0,0.1,0.0,1.3861607142857137
500,15.0,0.1,0.0,1.1472685714285713
600,15.0,0.1,0.0,0.9833571428571426
700,15.0,0.1,0.0,0.8668338192419823
800,15.0,0.1,0.0,0.7766116071428568
30,20.0,0.1,1.0,20.57142857142857
50,20.0,0.1,1.0,12.03428571428571
100,20.0,0.1,1.0,6.140571428571427
200,20.0,0.1,1.0,3.139714285714285
300,20.0,0.1,1.0,2.170285714285714
400,20.0,0.1,1.0,1.679303571428571
500,20.0,0.1,1.0,1.3885714285714286
600,20.0,0.1,1.0,1.1897142857142855
700,20.0,0.1,1.0,1.0486705539358598
800,20.0,0.1,1.0,0.9395758928571425
30,20.0,0.1,0.5,20.57142857142857
50,20.0,0.1,0.5,12.03428571428571
100,20.0,0.1,0.5,6.148285714285712
200,20.0,0.1,0.5,3.141642857142856
300,20.0,0.1,0.5,2.170285714285714
400,20.0,0.1,0.5,1.6783392857142851
500,20.0,0.1,0.5,1.3870285714285713
600,20.0,0.1,0.5,1.1875714285714283
700,20.0,0.1,0.5,1.0459941690962098
800,20.0,0.1,0.5,0.9366830357142854
30,20.0,0.1,0.0,20.57142857142857
50,20.0,0.1,0.0,12.03428571428571
100,20.0,0.1,0.0,6.140571428571427
200,20.0,0.1,0.0,3.135857142857142
300,20.0,0.1,0.0,2.1659999999999995
400,20.0,0.1,0.0,1.6744821428571424
500,20.0,0.1,0.0,1.3833257142857143
600,20.0,0.1,0.0,1.184142857142857
700,20.0,0.1,0.0,1.043002915451895
30,30.0,0.1,1.0,27.94285714285714
50,30.0,0.1,1.0,16.385142857142853
100,30.0,0.1,1.0,8.362285714285711
200,30.0,0.1,1.0,4.25442857142857
300,30.0,0.1,1.0,2.924571428571428
400,30.0,0.1,1.0,2.251607142857142
500,30.0,0.1,1.0,1.8542057142857142
600,30.0,0.1,1.0,1.5831428571428567
700,30.0,0.1,1.0,1.3915626822157432
800,30.0,0.1,1.0,1.2441696428571425
30,30.0,0.1,0.5,28.028571428571425
50,30.0,0.1,0.5,16.385142857142853
100,30.0,0.1,0.5,8.362285714285711
200,30.0,0.1,0.5,4.252499999999999
300,30.0,0.1,0.5,2.9219999999999993
400,30.0,0.1,0.5,2.2487142857142848
500,30.0,0.1,0.5,1.8511199999999999
600,30.0,0.1,0.5,1.5801428571428566
700,30.0,0.1,0.5,1.3887288629737606
800,30.0,0.1,0.5,1.241397321428571
30,30.0,0.1,0.0,27.94285714285714
50,30.0,0.1,0.0,16.385142857142853
100,30.0,0.1,0.0,8.354571428571425
200,30.0,0.1,0.0,4.246714285714284
300,30.0,0.1,0.0,2.915999999999999
400,30.0,0.1,0.0,2.2438928571428565
500,30.0,0.1,0.0,1.8471085714285713
600,30.0,0.1,0.0,1.576928571428571
700,30.0,0.1,0.0,1.3860524781341106
800,30.0,0.1,0.0,1.2392276785714282
30,5.0,0.2,1.0,10.97142857142857
50,5.0,0.2,1.0,6.479999999999998
100,5.0,0.2,1.0,3.425142857142856
200,5.0,0.2,1.0,1.8610714285714278
300,5.0,0.2,1.0,1.347428571428571
400,5.0,0.2,1.0,1.0799999999999996
500,5.0,0.2,1.0,0.9198514285714285
600,5.0,0.2,1.0,0.8087142857142855
700,5.0,0.2,1.0,0.7301807580174926
800,5.0,0.2,1.0,0.6692142857142854
30,5.0,0.2,0.5,10.885714285714284
50,5.0,0.2,0.5,6.449142857142855
100,5.0,0.2,0.5,3.3865714285714272
200,5.0,0.2,0.5,1.8321428571428564
300,5.0,0.2,0.5,1.3225714285714283
30,2.5,0.2,1.0,8.485714285714284
50,2.5,0.2,1.0,5.029714285714284
100,2.5,0.2,1.0,2.669142857142856
200,2.5,0.2,1.0,1.4618571428571423
300,2.5,0.2,1.0,1.067142857142857
400,2.5,0.2,1.0,0.8649642857142854
500,2.5,0.2,1.0,0.7470514285714286
600,2.5,0.2,1.0,0.6677142857142856
700,2.5,0.2,1.0,0.6144664723032068
800,2.5,0.2,1.0,0.5754374999999998
30,2.5,0.2,0.5,8.399999999999999
50,2.5,0.2,0.5,4.967999999999998
100,2.5,0.2,0.5,2.622857142857142
200,2.5,0.2,0.5,1.4232857142857138
300,2.5,0.2,0.5,1.0285714285714282
400,2.5,0.2,0.5,0.8249464285714283
500,2.5,0.2,0.5,0.7050857142857142
600,2.5,0.2,0.5,0.6235714285714284
700,2.5,0.2,0.5,0.5680233236151603
800,2.5,0.2,0.5,0.5266205357142856
30,2.5,0.2,0.0,8.399999999999999
50,2.5,0.2,0.0,4.937142857142855
100,2.5,0.2,0.0,2.6074285714285703
200,2.5,0.2,0.0,1.4039999999999995
300,2.5,0.2,0.0,1.0105714285714282
400,2.5,0.2,0.0,0.8061428571428568
500,2.5,0.2,0.0,0.6844114285714286
600,2.5,0.2,0.0,0.600642857142857
700,2.5,0.2,0.0,0.5417317784256559
800,2.5,0.2,0.0,0.496486607142857
30,10.0,0.2,1.0,16.02857142857143
50,10.0,0.2,1.0,9.442285714285712
100,10.0,0.2,1.0,4.92942857142857
200,10.0,0.2,1.0,2.645999999999999
300,10.0,0.2,1.0,1.9062857142857137
400,10.0,0.2,1.0,1.5240535714285708
500,10.0,0.2,1.0,1.2947657142857143
600,10.0,0.2,1.0,1.1348571428571426
700,10.0,0.2,1.0,1.0208046647230318
800,10.0,0.2,1.0,0.9313794642857139
30,10.0,0.2,0.5,16.02857142857143
50,10.0,0.2,0.5,9.442285714285712
100,10.0,0.2,0.5,4.921714285714284
200,10.0,0.2,0.5,2.6305714285714275
300,10.0,0.2,0.5,1.8891428571428566
400,10.0,0.2,0.5,1.506696428571428
500,10.0,0.2,0.5,1.2771771428571428
600,10.0,0.2,0.5,1.1170714285714283
700,10.0,0.2,0.5,1.003014577259475
800,10.0,0.2,0.5,0.9136607142857139
30,10.0,0.2,0.0,16.02857142857143
50,10.0,0.2,0.0,9.442285714285712
100,10.0,0.2,0.0,4.913999999999998
200,10.0,0.2,0.0,2.626714285714285
300,10.0,0.2,0.0,1.8848571428571423
400,10.0,0.2,0.0,1.5028392857142852
500,10.0,0.2,0.0,1.2734742857142856
600,10.0,0.2,0.0,1.1134285714285712
700,10.0,0.2,0.0,0.9993935860058307
800,10.0,0.2,0.0,0.9098035714285712
30,15.0,0.2,1.0,21.257142857142856
50,15.0,0.2,1.0,12.497142857142853
100,15.0,0.2,1.0,6.479999999999998
200,15.0,0.2,1.0,3.438642857142856
300,15.0,0.2,1.0,2.468571428571428
400,15.0,0.2,1.0,1.9748571428571422
500,15.0,0.2,1.0,1.6814057142857142
600,15.0,0.2,1.0,1.4774999999999996
700,15.0,0.2,1.0,1.33268221574344
800,15.0,0.2,1.0,1.2188571428571424
30,15.0,0.2,0.5,21.257142857142856
50,15.0,0.2,0.5,12.497142857142853
100,15.0,0.2,0.5,6.464571428571427
200,15.0,0.2,0.5,3.425142857142856
300,15.0,0.2,0.5,2.454857142857142
400,15.0,0.2,0.5,1.9623214285714279
500,15.0,0.2,0.5,1.6702971428571427
600,15.0,0.2,0.5,1.4680714285714282
700,15.0,0.2,0.5,1.3244956268221573
800,15.0,0.2,0.5,1.211866071428571
30,15.0,0.2,0.0,21.257142857142856
50,15.0,0.2,0.0,12.497142857142853
100,15.0,0.2,0.0,6.472285714285712
200,15.0,0.2,0.0,3.4193571428571414
300,15.0,0.2,0.0,2.444571428571428
400,15.0,0.2,0.0,1.9488214285714278
500,15.0,0.2,0.0,1.6551771428571427
600,15.0,0.2,0.0,1.4519999999999995
700,15.0,0.2,0.0,1.307807580174927
800,15.0,0.2,0.0,1.194991071428571
30,20.0,0.2,1.0,26.485714285714284
50,20.0,0.2,1.0,15.521142857142852
100,20.0,0.2,1.0,8.015142857142854
200,20.0,0.2,1.0,4.202357142857141
300,20.0,0.2,1.0,2.9862857142857133
400,20.0,0.2,1.0,2.3711785714285707
500,20.0,0.2,1.0,2.0084914285714284
600,20.0,0.2,1.0,1.7588571428571425
700,20.0,0.2,1.0,1.5822157434402329
800,20.0,0.2,1.0,1.4444999999999995
30,20.0,0.2,0.5,26.485714285714284
50,20.0,0.2,0.5,15.521142857142852
100,20.0,0.2,0.5,8.00742857142857
200,20.0,0.2,0.5,4.194642857142855
300,20.0,0.2,0.5,2.9785714285714278
400,20.0,0.2,0.5,2.3634642857142847
500,20.0,0.2,0.5,2.0010857142857144
600,20.0,0.2,0.5,1.7515714285714281
700,20.0,0.2,0.5,1.575288629737609
800,20.0,0.2,0.5,1.4376294642857137
30,20.0,0.2,0.0,26.4
50,20.0,0.2,0.0,15.521142857142852
100,20.0,0.2,0.0,7.9997142857142824
200,20.0,0.2,0.0,4.183071428571427
300,20.0,0.2,0.0,2.965714285714285
400,20.0,0.2,0.0,2.350446428571428
500,20.0,0.2,0.0,1.9878171428571427
600,20.0,0.2,0.0,1.7387142857142852
700,20.0,0.2,0.0,1.5625364431486877
800,20.0,0.2,0.0,1.4253348214285708
30,30.0,0.2,1.0,36.857142857142854
50,30.0,0.2,1.0,21.59999999999999
100,30.0,0.2,1.0,11.093142857142853
200,30.0,0.2,1.0,5.741357142857141
300,30.0,0.2,1.0,4.020857142857142
400,30.0,0.2,1.0,3.15417857142857
500,30.0,0.2,1.0,2.6456914285714284
600,30.0,0.2,1.0,2.299499999999999
700,30.0,0.2,1.0,2.0564081632653055
800,30.0,0.2,1.0,1.8683035714285707
30,30.0,0.2,0.5,36.857142857142854
50,30.0,0.2,0.5,21.59999999999999
100,30.0,0.2,0.5,11.093142857142853
200,30.0,0.2,0.5,5.729785714285712
300,30.0,0.2,0.5,4.007999999999999
400,30.0,0.2,0.5,3.1401964285714277
500,30.0,0.2,0.5,2.6311885714285714
600,30.0,0.2,0.5,2.284285714285714
700,30.0,0.2,0.5,2.040822157434402
800,30.0,0.2,0.5,1.852633928571428
30,30.0,0.2,0.0,36.857142857142854
50,30.0,0.2,0.0,21.59999999999999
100,30.0,0.2,0.0,11.093142857142853
200,30.0,0.2,0.0,5.733642857142855
300,30.0,0.2,0.0,4.008857142857142
400,30.0,0.2,0.0,3.139714285714285
500,30.0,0.2,0.0,2.6293371428571426
600,30.0,0.2,0.0,2.2806428571428565
700,30.0,0.2,0.0,2.034839650145772
800,30.0,0.2,0.0,1.848415178571428
400,5.0,0.2,0.5,1.0568571428571425
500,5.0,0.2,0.5,0.8973257142857143
600,5.0,0.2,0.5,0.7862142857142855
700,5.0,0.2,0.5,0.7073527696793002
800,5.0,0.2,0.5,0.6458303571428569
30,5.0,0.2,0.0,10.885714285714284
50,5.0,0.2,0.0,6.449142857142855
100,5.0,0.2,0.0,3.3865714285714272
200,5.0,0.2,0.0,1.8321428571428564
300,5.0,0.2,0.0,1.3217142857142854
400,5.0,0.2,0.0,1.0558928571428567
500,5.0,0.2,0.0,0.8964
600,5.0,0.2,0.0,0.7849285714285712
700,5.0,0.2,0.0,0.7057784256559765
800,5.0,0.2,0.0,0.6439017857142855
30,5.0,0.3,1.0,13.885714285714284
50,5.0,0.3,1.0,8.362285714285711
100,5.0,0.3,1.0,4.6594285714285695
200,5.0,0.3,1.0,2.7867857142857133
300,5.0,0.3,1.0,2.1891428571428566
400,5.0,0.3,1.0,1.8846964285714278
500,5.0,0.3,1.0,1.7826171428571427
600,5.0,0.3,1.0,1.6829999999999996
700,5.0,0.3,1.0,1.6121282798833816
800,5.0,0.3,1.0,1.5672053571428566
30,5.0,0.3,0.5,13.542857142857141
50,5.0,0.3,0.5,8.115428571428568
100,5.0,0.3,0.5,4.512857142857142
200,5.0,0.3,0.5,2.717357142857142
30,2.5,0.3,1.0,10.2
50,2.5,0.3,1.0,6.233142857142855
100,2.5,0.3,1.0,3.63342857142857
200,2.5,0.3,1.0,2.375999999999999
300,2.5,0.3,1.0,2.0399999999999996
400,2.5,0.3,1.0,1.8928928571428565
500,2.5,0.3,1.0,1.8255085714285713
600,2.5,0.3,1.0,1.7755714285714281
700,2.5,0.3,1.0,1.745160349854227
800,2.5,0.3,1.0,1.7157053571428564
30,2.5,0.3,0.5,10.114285714285714
50,2.5,0.3,0.5,6.140571428571427
100,2.5,0.3,0.5,3.4637142857142846
200,2.5,0.3,0.5,2.1117857142857135
300,2.5,0.3,0.5,1.6971428571428566
400,2.5,0.3,0.5,1.4970535714285709
500,2.5,0.3,0.5,1.3975199999999999
600,2.5,0.3,0.5,1.333285714285714
700,2.5,0.3,0.5,1.3040291545189502
800,2.5,0.3,0.5,1.293227678571428
30,2.5,0.3,0.0,10.114285714285714
50,2.5,0.3,0.0,6.0788571428571405
100,2.5,0.3,0.0,3.3865714285714272
200,2.5,0.3,0.0,2.019214285714285
300,2.5,0.3,0.0,1.5848571428571425
400,2.5,0.3,0.0,1.3625357142857137
500,2.5,0.3,0.0,1.2373714285714286
600,2.5,0.3,0.0,1.1524285714285711
700,2.5,0.3,0.0,1.0981049562682215
800,2.5,0.3,0.0,1.0583035714285711
30,10.0,0.3,1.0,21.17142857142857
50,10.0,0.3,1.0,12.589714285714281
100,10.0,0.3,1.0,6.765428571428569
200,10.0,0.3,1.0,3.8455714285714273
300,10.0,0.3,1.0,2.9202857142857135
400,10.0,0.3,1.0,2.441571428571428
500,10.0,0.3,1.0,2.1578399999999998
600,10.0,0.3,1.0,1.957928571428571
700,10.0,0.3,1.0,1.8177376093294457
800,10.0,0.3,1.0,1.7064241071428565
30,10.0,0.3,0.5,21.17142857142857
50,10.0,0.3,0.5,12.589714285714281
100,10.0,0.3,0.5,6.765428571428569
200,10.0,0.3,0.5,3.8455714285714273
300,10.0,0.3,0.5,2.9202857142857135
400,10.0,0.3,0.5,2.441571428571428
500,10.0,0.3,0.5,2.1578399999999998
600,10.0,0.3,0.5,1.957928571428571
700,10.0,0.3,0.5,1.8177376093294457
800,10.0,0.3,0.5,1.7064241071428565
30,10.0,0.3,0.0,21.17142857142857
50,10.0,0.3,0.0,12.589714285714281
100,10.0,0.3,0.0,6.749999999999997
200,10.0,0.3,0.0,3.8320714285714272
300,10.0,0.3,0.0,2.9022857142857137
400,10.0,0.3,0.0,2.4208392857142846
500,10.0,0.3,0.0,2.1343885714285715
600,10.0,0.3,0.0,1.9319999999999995
700,10.0,0.3,0.0,1.789084548104956
800,10.0,0.3,0.0,1.674964285714285
30,15.0,0.3,1.0,28.885714285714283
50,15.0,0.3,1.0,17.063999999999993
100,15.0,0.3,1.0,9.025714285714283
200,15.0,0.3,1.0,5.02392857142857
300,15.0,0.3,1.0,3.7825714285714276
400,15.0,0.3,1.0,3.1536964285714273
500,15.0,0.3,1.0,2.785782857142857
600,15.0,0.3,1.0,2.527928571428571
700,15.0,0.3,1.0,2.347032069970845
800,15.0,0.3,1.0,2.202669642857142
30,15.0,0.3,0.5,28.885714285714283
50,15.0,0.3,0.5,17.063999999999993
100,15.0,0.3,0.5,9.002571428571425
200,15.0,0.3,0.5,4.977642857142856
300,15.0,0.3,0.5,3.7174285714285706
400,15.0,0.3,0.5,3.0789642857142847
500,15.0,0.3,0.5,2.7061714285714285
600,15.0,0.3,0.5,2.446714285714285
700,15.0,0.3,0.5,2.2653236151603493
800,15.0,0.3,0.5,2.1217901785714277
30,15.0,0.3,0.0,28.799999999999997
50,15.0,0.3,0.0,17.033142857142852
100,15.0,0.3,0.0,8.979428571428569
200,15.0,0.3,0.0,4.960285714285712
300,15.0,0.3,0.0,3.6994285714285704
400,15.0,0.3,0.0,3.060160714285713
500,15.0,0.3,0.0,2.685497142857143
600,15.0,0.3,0.0,2.4239999999999995
700,15.0,0.3,0.0,2.2401341107871717
800,15.0,0.3,0.0,2.093946428571428
30,20.0,0.3,1.0,36.42857142857142
50,20.0,0.3,1.0,21.507428571428562
100,20.0,0.3,1.0,11.247428571428568
200,20.0,0.3,1.0,6.115499999999998
300,20.0,0.3,1.0,4.516285714285713
400,20.0,0.3,1.0,3.718285714285713
500,20.0,0.3,1.0,3.257897142857143
600,20.0,0.3,1.0,2.9404285714285705
700,20.0,0.3,1.0,2.71936443148688
800,20.0,0.3,1.0,2.5445089285714277
30,20.0,0.3,0.5,36.51428571428571
50,20.0,0.3,0.5,21.507428571428562
100,20.0,0.3,0.5,11.262857142857138
200,20.0,0.3,0.5,6.098142857142855
300,20.0,0.3,0.5,4.475999999999999
400,20.0,0.3,0.5,3.6623571428571418
500,20.0,0.3,0.5,3.189702857142857
600,20.0,0.3,0.5,2.8641428571428564
700,20.0,0.3,0.5,2.6373411078717197
800,20.0,0.3,0.5,2.459169642857142
30,20.0,0.3,0.0,36.42857142857142
50,20.0,0.3,0.0,21.507428571428562
100,20.0,0.3,0.0,11.239714285714282
200,20.0,0.3,0.0,6.076928571428569
300,20.0,0.3,0.0,4.451142857142856
400,20.0,0.3,0.0,3.633910714285713
500,20.0,0.3,0.0,3.1582285714285714
600,20.0,0.3,0.0,2.8302857142857136
700,20.0,0.3,0.0,2.600816326530612
800,20.0,0.3,0.0,2.4202366071428565
30,30.0,0.3,1.0,51.771428571428565
50,30.0,0.3,1.0,30.425142857142845
100,30.0,0.3,1.0,15.767999999999994
200,30.0,0.3,1.0,8.329499999999998
300,30.0,0.3,1.0,5.970857142857141
400,30.0,0.3,1.0,4.796357142857141
500,30.0,0.3,1.0,4.12128
600,30.0,0.3,1.0,3.665999999999999
700,30.0,0.3,1.0,3.3533527696792995
800,30.0,0.3,1.0,3.112473214285713
30,30.0,0.3,0.5,51.771428571428565
50,30.0,0.3,0.5,30.45599999999999
100,30.0,0.3,0.5,15.77571428571428
200,30.0,0.3,0.5,8.325642857142855
300,30.0,0.3,0.5,5.951999999999998
400,30.0,0.3,0.5,4.76405357142857
500,30.0,0.3,0.5,4.074994285714285
600,30.0,0.3,0.5,3.6070714285714276
700,30.0,0.3,0.5,3.2826647230320694
800,30.0,0.3,0.5,3.0318348214285704
30,30.0,0.3,0.0,51.771428571428565
50,30.0,0.3,0.0,30.45599999999999
100,30.0,0.3,0.0,15.783428571428566
200,30.0,0.3,0.0,8.329499999999998
300,30.0,0.3,0.0,5.953714285714284
400,30.0,0.3,0.0,4.7616428571428555
500,30.0,0.3,0.0,4.068205714285714
600,30.0,0.3,0.0,3.596142857142856
700,30.0,0.3,0.0,3.2673935860058303
800,30.0,0.3,0.0,3.012308035714285
300,5.0,0.3,0.5,2.157428571428571
400,5.0,0.3,0.5,1.884214285714285
500,5.0,0.3,0.5,1.7437371428571429
600,5.0,0.3,0.5,1.6557857142857138
700,5.0,0.3,0.5,1.6056734693877548
800,5.0,0.3,0.5,1.5663616071428565
30,5.0,0.3,0.0,13.457142857142856
50,5.0,0.3,0.0,8.115428571428568
100,5.0,0.3,0.0,4.505142857142856
200,5.0,0.3,0.0,2.6575714285714276
300,5.0,0.3,0.0,2.054571428571428
400,5.0,0.3,0.0,1.7395714285714279
500,5.0,0.3,0.0,1.554582857142857
600,5.0,0.3,0.0,1.4267142857142854
700,5.0,0.3,0.0,1.342285714285714
800,5.0,0.3,0.0,1.2831026785714281
30,5.0,0.4,1.0,19.457142857142856
50,5.0,0.4,1.0,12.157714285714281
100,5.0,0.4,1.0,7.451999999999997
200,5.0,0.4,1.0,5.261142857142855
300,5.0,0.4,1.0,4.638857142857142
400,5.0,0.4,1.0,4.293482142857141
500,5.0,0.4,1.0,4.09104
600,5.0,0.4,1.0,3.9640714285714274
700,5.0,0.4,1.0,3.9334985422740516
800,5.0,0.4,1.0,3.8984866071428557
30,5.0,0.4,0.5,19.2
50,5.0,0.4,0.5,11.879999999999995
100,5.0,0.4,0.5,7.112571428571426
200,5.0,0.4,0.5,4.796357142857141
300,5.0,0.4,0.5,4.136571428571427
400,5.0,0.4,0.5,3.8441249999999987
500,5.0,0.4,0.5,3.7053257142857143
600,5.0,0.4,0.5,3.5774999999999992
700,5.0,0.4,0.5,3.4857551020408155
800,5.0,0.4,0.5,3.385848214285713
30,5.0,0.4,0.0,19.028571428571425
50,5.0,0.4,0.0,11.787428571428567
100,5.0,0.4,0.0,6.981428571428569
200,5.0,0.4,0.0,4.5649285714285694
300,5.0,0.4,0.0,3.809999999999999
400,5.0,0.4,0.0,3.42417857142857
500,5.0,0.4,0.0,3.2504914285714284
600,5.0,0.4,0.0,3.205071428571428
700,5.0,0.4,0.0,3.1090145772594746
800,5.0,0.4,0.0,3.0679955357142847
30,2.5,0.4,1.0,14.399999999999999
50,2.5,0.4,1.0,9.257142857142854
100,2.5,0.4,1.0,6.0942857142857125
200,2.5,0.4,1.0,4.642071428571427
300,2.5,0.4,1.0,4.295142857142856
400,2.5,0.4,1.0,4.110749999999999
500,2.5,0.4,1.0,4.027165714285714
600,2.5,0.4,1.0,3.959999999999999
700,2.5,0.4,1.0,3.9278309037900865
800,2.5,0.4,1.0,3.8931830357142845
30,2.5,0.4,0.5,13.714285714285714
50,2.5,0.4,0.5,8.701714285714283
100,2.5,0.4,0.5,5.500285714285712
200,2.5,0.4,0.5,4.03842857142857
300,2.5,0.4,0.5,3.6617142857142846
400,2.5,0.4,0.5,3.506142857142856
500,2.5,0.4,0.5,3.4353257142857143
600,2.5,0.4,0.5,3.362142857142856
700,2.5,0.4,0.5,3.3206064139941684
800,2.5,0.4,0.5,3.285080357142856
30,2.5,0.4,0.0,13.542857142857141
50,2.5,0.4,0.0,8.516571428571426
100,2.5,0.4,0.0,5.1917142857142835
200,2.5,0.4,0.0,3.5697857142857132
300,2.5,0.4,0.0,3.1182857142857134
400,2.5,0.4,0.0,3.0789642857142847
500,2.5,0.4,0.0,2.987897142857143
600,2.5,0.4,0.0,2.9277857142857133
700,2.5,0.4,0.0,2.761714285714285
800,2.5,0.4,0.0,2.795705357142856
30,10.0,0.4,1.0,21.257142857142856
50,10.0,0.4,1.0,12.651428571428568
100,10.0,0.4,1.0,6.819428571428569
200,10.0,0.4,1.0,3.9207857142857128
300,10.0,0.4,1.0,3.001714285714285
400,10.0,0.4,1.0,2.5240178571428564
500,10.0,0.4,1.0,2.2402285714285712
600,10.0,0.4,1.0,2.039571428571428
700,10.0,0.4,1.0,1.898816326530612
800,10.0,0.4,1.0,1.7862187499999993
30,10.0,0.4,0.5,21.17142857142857
50,10.0,0.4,0.5,12.589714285714281
100,10.0,0.4,0.5,6.765428571428569
200,10.0,0.4,0.5,3.8455714285714273
300,10.0,0.4,0.5,2.9202857142857135
400,10.0,0.4,0.5,2.441571428571428
500,10.0,0.4,0.5,2.1578399999999998
600,10.0,0.4,0.5,1.957928571428571
700,10.0,0.4,0.5,1.8175801749271134
800,10.0,0.4,0.5,1.7064241071428565
30,10.0,0.4,0.0,21.17142857142857
50,10.0,0.4,0.0,12.589714285714281
100,10.0,0.4,0.0,6.749999999999997
200,10.0,0.4,0.0,3.8320714285714272
300,10.0,0.4,0.0,2.9022857142857137
400,10.0,0.4,0.0,2.420357142857142
500,10.0,0.4,0.0,2.1343885714285715
600,10.0,0.4,0.0,1.9319999999999995
700,10.0,0.4,0.0,1.789084548104956
800,10.0,0.4,0.0,1.674964285714285
30,15.0,0.4,1.0,42.857142857142854
50,15.0,0.4,1.0,25.549714285714277
100,15.0,0.4,1.0,13.924285714285709
200,15.0,0.4,1.0,8.362285714285711
300,15.0,0.4,1.0,6.768857142857141
400,15.0,0.4,1.0,5.962660714285712
500,15.0,0.4,1.0,5.495965714285714
600,15.0,0.4,1.0,5.157857142857141
700,15.0,0.4,1.0,4.930373177842565
800,15.0,0.4,1.0,4.749468749999998
30,15.0,0.4,0.5,42.771428571428565
50,15.0,0.4,0.5,25.487999999999992
100,15.0,0.4,0.5,13.854857142857139
200,15.0,0.4,0.5,8.192571428571426
300,15.0,0.4,0.5,6.527142857142856
400,15.0,0.4,0.5,5.697482142857141
500,15.0,0.4,0.5,5.226891428571428
600,15.0,0.4,0.5,4.883357142857141
700,15.0,0.4,0.5,4.609679300291544
800,15.0,0.4,0.5,4.361825892857142
30,15.0,0.4,0.0,42.771428571428565
50,15.0,0.4,0.0,25.45714285714285
100,15.0,0.4,0.0,13.816285714285709
200,15.0,0.4,0.0,8.078785714285711
300,15.0,0.4,0.0,6.336857142857141
400,15.0,0.4,0.0,5.458821428571427
500,15.0,0.4,0.0,4.953805714285714
600,15.0,0.4,0.0,4.596214285714285
700,15.0,0.4,0.0,4.349755102040816
800,15.0,0.4,0.0,4.150526785714284
30,20.0,0.4,1.0,54.857142857142854
50,20.0,0.4,1.0,32.554285714285705
100,20.0,0.4,1.0,17.349428571428565
200,20.0,0.4,1.0,9.878142857142853
300,20.0,0.4,1.0,7.703999999999998
400,20.0,0.4,1.0,6.679124999999997
500,20.0,0.4,1.0,6.117737142857143
600,20.0,0.4,1.0,5.7293571428571415
700,20.0,0.4,1.0,5.465965014577258
800,20.0,0.4,1.0,5.246558035714284
30,20.0,0.4,0.5,54.771428571428565
50,20.0,0.4,0.5,32.49257142857142
100,20.0,0.4,0.5,17.326285714285707
200,20.0,0.4,0.5,9.814499999999997
300,20.0,0.4,0.5,7.5625714285714265
400,20.0,0.4,0.5,6.471321428571426
500,20.0,0.4,0.5,5.864091428571428
600,20.0,0.4,0.5,5.442857142857141
700,20.0,0.4,0.5,5.151725947521865
800,20.0,0.4,0.5,4.911830357142855
30,20.0,0.4,0.0,54.857142857142854
50,20.0,0.4,0.0,32.554285714285705
100,20.0,0.4,0.0,17.333999999999993
200,20.0,0.4,0.0,9.756642857142854
300,20.0,0.4,0.0,7.436571428571427
400,20.0,0.4,0.0,6.287142857142855
500,20.0,0.4,0.0,5.633897142857142
600,20.0,0.4,0.0,5.182499999999998
700,20.0,0.4,0.0,4.873696793002915
800,20.0,0.4,0.0,4.6276071428571415
30,30.0,0.4,1.0,79.19999999999999
50,30.0,0.4,1.0,46.8102857142857
100,30.0,0.4,1.0,24.562285714285707
200,30.0,0.4,1.0,13.312928571428566
300,30.0,0.4,1.0,9.827999999999998
400,30.0,0.4,1.0,8.151589285714282
500,30.0,0.4,1.0,7.236925714285714
600,30.0,0.4,1.0,6.634499999999998
700,30.0,0.4,1.0,6.2394402332361505
800,30.0,0.4,1.0,5.935058035714284
30,30.0,0.4,0.5,79.19999999999999
50,30.0,0.4,0.5,46.779428571428554
100,30.0,0.4,0.5,24.523714285714277
200,30.0,0.4,0.5,13.26471428571428
300,30.0,0.4,0.5,9.737142857142855
400,30.0,0.4,0.5,8.005499999999998
500,30.0,0.4,0.5,7.036662857142857
600,30.0,0.4,0.5,6.393642857142855
700,30.0,0.4,0.5,5.967865889212827
800,30.0,0.4,0.5,5.641794642857141
30,30.0,0.4,0.0,79.19999999999999
50,30.0,0.4,0.0,46.779428571428554
100,30.0,0.4,0.0,24.51599999999999
200,30.0,0.4,0.0,13.226142857142852
300,30.0,0.4,0.0,9.665142857142854
400,30.0,0.4,0.0,7.898464285714283
500,30.0,0.4,0.0,6.889474285714285
600,30.0,0.4,0.0,6.2074285714285695
700,30.0,0.4,0.0,5.742262390670553
800,30.0,0.4,0.0,5.382040178571427
30,5.0,0.5,1.0,31.71428571428571
50,5.0,0.5,1.0,20.95199999999999
100,5.0,0.5,1.0,14.626285714285709
200,5.0,0.5,1.0,11.623499999999996
300,5.0,0.5,1.0,10.589142857142855
400,5.0,0.5,1.0,9.951428571428568
500,5.0,0.5,1.0,9.598731428571428
600,5.0,0.5,1.0,9.326571428571427
700,5.0,0.5,1.0,9.17275801749271
800,5.0,0.5,1.0,9.033428571428567
30,5.0,0.5,0.5,30.94285714285714
50,5.0,0.5,0.5,20.211428571428563
100,5.0,0.5,0.5,13.77771428571428
200,5.0,0.5,0.5,10.740214285714282
300,5.0,0.5,0.5,9.733714285714283
400,5.0,0.5,0.5,9.187714285714282
500,5.0,0.5,0.5,8.924811428571429
600,5.0,0.5,0.5,8.672571428571427
700,5.0,0.5,0.5,8.514367346938775
800,5.0,0.5,0.5,8.278272321428569
30,5.0,0.5,0.0,30.685714285714283
50,5.0,0.5,0.0,19.81028571428571
100,5.0,0.5,0.0,12.875142857142853
200,5.0,0.5,0.0,9.417214285714282
300,5.0,0.5,0.0,8.860285714285713
400,5.0,0.5,0.0,8.30973214285714
500,5.0,0.5,0.0,8.028411428571427
600,5.0,0.5,0.0,8.14735714285714
700,5.0,0.5,0.0,7.975311953352768
800,5.0,0.5,0.0,7.80770089285714
30,2.5,0.5,1.0,23.4
50,2.5,0.5,1.0,16.60114285714285
100,2.5,0.5,1.0,13.18371428571428
200,2.5,0.5,1.0,11.247428571428568
300,2.5,0.5,1.0,10.569428571428569
400,2.5,0.5,1.0,10.123553571428568
500,2.5,0.5,1.0,9.886011428571429
600,2.5,0.5,1.0,9.683142857142855
700,2.5,0.5,1.0,9.573271137026238
800,2.5,0.5,1.0,9.46651339285714
30,2.5,0.5,0.5,21.685714285714283
50,2.5,0.5,0.5,15.05828571428571
100,2.5,0.5,0.5,11.694857142857138
200,2.5,0.5,0.5,9.959142857142854
300,2.5,0.5,0.5,9.377142857142855
400,2.5,0.5,0.5,8.988107142857139
500,2.5,0.5,0.5,8.779474285714285
600,2.5,0.5,0.5,8.597571428571426
700,2.5,0.5,0.5,8.495317784256558
800,2.5,0.5,0.5,8.392781249999997
30,2.5,0.5,0.0,21.428571428571427
50,2.5,0.5,0.0,14.317714285714281
100,2.5,0.5,0.0,9.851142857142854
200,2.5,0.5,0.0,8.148214285714284
300,2.5,0.5,0.0,7.783714285714284
400,2.5,0.5,0.0,7.301571428571426
500,2.5,0.5,0.0,7.268091428571428
600,2.5,0.5,0.0,7.19742857142857
700,2.5,0.5,0.0,7.18939941690962
800,2.5,0.5,0.0,7.028678571428569
30,10.0,0.5,1.0,51.08571428571428
50,10.0,0.5,1.0,31.56685714285713
100,10.0,0.5,1.0,19.46314285714285
200,10.0,0.5,1.0,14.174999999999995
300,10.0,0.5,1.0,12.42685714285714
400,10.0,0.5,1.0,11.334696428571425
500,10.0,0.5,1.0,10.652194285714286
600,10.0,0.5,1.0,10.120714285714284
700,10.0,0.5,1.0,9.755107871720115
800,10.0,0.5,1.0,9.446624999999997
30,10.0,0.5,0.5,50.74285714285714
50,10.0,0.5,0.5,31.289142857142846
100,10.0,0.5,0.5,18.92314285714285
200,10.0,0.5,0.5,13.320642857142852
300,10.0,0.5,0.5,11.605714285714283
400,10.0,0.5,0.5,10.597017857142854
500,10.0,0.5,0.5,10.009131428571429
600,10.0,0.5,0.5,9.483642857142854
700,10.0,0.5,0.5,8.946524781341106
800,10.0,0.5,0.5,8.72063839285714
30,10.0,0.5,0.0,50.65714285714285
50,10.0,0.5,0.0,31.165714285714273
100,10.0,0.5,0.0,18.521999999999995
200,10.0,0.5,0.0,12.472071428571423
300,10.0,0.5,0.0,10.991142857142854
400,10.0,0.5,0.0,9.71035714285714
500,10.0,0.5,0.0,9.414514285714285
600,10.0,0.5,0.0,8.755071428571426
700,10.0,0.5,0.0,8.467137026239065
800,10.0,0.5,0.0,8.305995535714283
30,15.0,0.5,1.0,71.82857142857142
50,15.0,0.5,1.0,43.32342857142856
100,15.0,0.5,1.0,24.762857142857133
200,15.0,0.5,1.0,16.593428571428564
300,15.0,0.5,1.0,14.371714285714281
400,15.0,0.5,1.0,13.13116071428571
500,15.0,0.5,1.0,12.384205714285713
600,15.0,0.5,1.0,11.809714285714282
700,15.0,0.5,1.0,11.421393586005829
800,15.0,0.5,1.0,11.089165178571424
30,15.0,0.5,0.5,71.65714285714284
50,15.0,0.5,0.5,43.230857142857126
100,15.0,0.5,0.5,24.40799999999999
200,15.0,0.5,0.5,15.84321428571428
300,15.0,0.5,0.5,13.563428571428569
400,15.0,0.5,0.5,12.41228571428571
500,15.0,0.5,0.5,11.899748571428571
600,15.0,0.5,0.5,11.449285714285711
700,15.0,0.5,0.5,10.418693877551018
800,15.0,0.5,0.5,9.981683035714282
30,15.0,0.5,0.0,71.57142857142857
50,15.0,0.5,0.0,43.19999999999998
100,15.0,0.5,0.0,24.330857142857134
200,15.0,0.5,0.0,15.23571428571428
300,15.0,0.5,0.0,12.559714285714282
400,15.0,0.5,0.0,11.191499999999996
500,15.0,0.5,0.0,10.528457142857143
600,15.0,0.5,0.0,10.151571428571426
700,15.0,0.5,0.0,9.45346355685131
800,15.0,0.5,0.0,9.268352678571425
30,20.0,0.5,1.0,92.82857142857142
50,20.0,0.5,1.0,55.481142857142835
100,20.0,0.5,1.0,30.38657142857142
200,20.0,0.5,1.0,18.718714285714277
300,20.0,0.5,1.0,15.681428571428567
400,20.0,0.5,1.0,14.154749999999995
500,20.0,0.5,1.0,13.280297142857142
600,20.0,0.5,1.0,12.622714285714283
700,20.0,0.5,1.0,12.171253644314866
800,20.0,0.5,1.0,11.779593749999997
30,20.0,0.5,0.5,92.74285714285713
50,20.0,0.5,0.5,55.45028571428569
100,20.0,0.5,0.5,30.270857142857132
200,20.0,0.5,0.5,18.19414285714285
300,20.0,0.5,0.5,14.99828571428571
400,20.0,0.5,0.5,13.570874999999996
500,20.0,0.5,0.5,12.88656
600,20.0,0.5,0.5,12.287785714285711
700,20.0,0.5,0.5,11.672029154518949
800,20.0,0.5,0.5,10.613651785714282
30,20.0,0.5,0.0,92.74285714285713
50,20.0,0.5,0.0,55.45028571428569
100,20.0,0.5,0.0,30.278571428571418
200,20.0,0.5,0.0,17.93571428571428
300,20.0,0.5,0.0,14.287714285714282
400,20.0,0.5,0.0,12.504857142857139
500,20.0,0.5,0.0,12.153702857142857
600,20.0,0.5,0.0,11.086928571428569
700,20.0,0.5,0.0,10.554874635568511
800,20.0,0.5,0.0,10.23095089285714
30,30.0,0.5,1.0,135.68571428571428
50,30.0,0.5,1.0,80.59885714285711
100,30.0,0.5,1.0,42.91457142857141
200,30.0,0.5,1.0,24.076285714285707
300,30.0,0.5,1.0,18.672857142857136
400,30.0,0.5,1.0,16.28485714285714
500,30.0,0.5,1.0,15.0228
600,30.0,0.5,1.0,14.133428571428567
700,30.0,0.5,1.0,13.541877551020406
800,30.0,0.5,1.0,13.067156249999995
30,30.0,0.5,0.5,135.6
50,30.0,0.5,0.5,80.53714285714283
100,30.0,0.5,0.5,42.82971428571427
200,30.0,0.5,0.5,23.844857142857133
300,30.0,0.5,0.5,18.155142857142852
400,30.0,0.5,0.5,15.568392857142852
500,30.0,0.5,0.5,14.247977142857142
600,30.0,0.5,0.5,13.378928571428569
700,30.0,0.5,0.5,12.832950437317782
800,30.0,0.5,0.5,12.352017857142853
30,30.0,0.5,0.0,135.34285714285713
50,30.0,0.5,0.0,80.32114285714283
100,30.0,0.5,0.0,42.7062857142857
200,30.0,0.5,0.0,23.752285714285705
300,30.0,0.5,0.0,17.91685714285714
400,30.0,0.5,0.0,15.067928571428567
500,30.0,0.5,0.0,13.481794285714285
600,30.0,0.5,0.0,12.41228571428571
700,30.0,0.5,0.0,11.700682215743438
800,30.0,0.5,0.0,11.147142857142853
30,5.0,0.6,1.0,64.11428571428571
50,5.0,0.6,1.0,45.822857142857124
100,5.0,0.6,1.0,35.59371428571427
200,5.0,0.6,1.0,28.80899999999999
300,5.0,0.6,1.0,26.25171428571428
400,5.0,0.6,1.0,24.694392857142848
500,5.0,0.6,1.0,23.83344
600,5.0,0.6,1.0,23.149928571428564
700,5.0,0.6,1.0,22.732425655976673
800,5.0,0.6,1.0,22.34708035714285
30,5.0,0.6,0.5,61.71428571428571
50,5.0,0.6,0.5,43.3542857142857
100,5.0,0.6,0.5,33.08657142857142
200,5.0,0.6,0.5,26.87657142857142
300,5.0,0.6,0.5,24.696857142857137
400,5.0,0.6,0.5,23.408035714285706
500,5.0,0.6,0.5,22.813611428571427
600,5.0,0.6,0.5,22.42864285714285
700,5.0,0.6,0.5,22.201241982507284
800,5.0,0.6,0.5,21.935209821428565
30,5.0,0.6,0.0,60.514285714285705
50,5.0,0.6,0.0,41.96571428571427
100,5.0,0.6,0.0,31.45885714285713
200,5.0,0.6,0.0,25.781142857142846
300,5.0,0.6,0.0,23.928857142857137
400,5.0,0.6,0.0,22.83283928571428
500,5.0,0.6,0.0,22.198011428571427
600,5.0,0.6,0.0,21.63985714285714
700,5.0,0.6,0.0,21.293160349854222
800,5.0,0.6,0.0,20.957785714285706
30,2.5,0.6,1.0,49.028571428571425
50,2.5,0.6,1.0,38.108571428571416
100,2.5,0.6,1.0,32.38457142857142
200,2.5,0.6,1.0,28.00285714285713
300,2.5,0.6,1.0,26.54314285714285
400,2.5,0.6,1.0,25.608535714285704
500,2.5,0.6,1.0,25.155977142857143
600,2.5,0.6,1.0,24.75364285714285
700,2.5,0.6,1.0,24.581492711370256
800,2.5,0.6,1.0,24.395584821428564
30,2.5,0.6,0.5,44.82857142857142
50,2.5,0.6,0.5,34.43657142857142
100,2.5,0.6,0.5,29.13685714285713
200,2.5,0.6,0.5,25.169785714285705
300,2.5,0.6,0.5,23.786571428571424
400,2.5,0.6,0.5,22.88587499999999
500,2.5,0.6,0.5,22.441165714285713
600,2.5,0.6,0.5,22.052785714285708
700,2.5,0.6,0.5,21.85976676384839
800,2.5,0.6,0.5,21.657616071428563
30,2.5,0.6,0.0,42.942857142857136
50,2.5,0.6,0.0,30.949714285714276
100,2.5,0.6,0.0,24.762857142857133
200,2.5,0.6,0.0,20.770714285714277
300,2.5,0.6,0.0,21.093428571428564
400,2.5,0.6,0.0,20.47178571428571
500,2.5,0.6,0.0,19.257942857142858
600,2.5,0.6,0.0,19.85785714285714
700,2.5,0.6,0.0,19.742746355685128
800,2.5,0.6,0.0,19.06043303571428
30,10.0,0.6,1.0,100.71428571428571
50,10.0,0.6,1.0,64.6765714285714
100,10.0,0.6,1.0,44.603999999999985
200,10.0,0.6,1.0,34.62364285714285
300,10.0,0.6,1.0,30.826285714285707
400,10.0,0.6,1.0,28.46619642857142
500,10.0,0.6,1.0,27.055542857142857
600,10.0,0.6,1.0,25.952999999999992
700,10.0,0.6,1.0,25.213906705539355
800,10.0,0.6,1.0,24.56831249999999
30,10.0,0.6,0.5,99.85714285714285
50,10.0,0.6,0.5,63.627428571428545
100,10.0,0.6,0.5,42.590571428571415
200,10.0,0.6,0.5,32.791499999999985
300,10.0,0.6,0.5,29.392285714285705
400,10.0,0.6,0.5,27.258910714285705
500,10.0,0.6,0.5,25.80644571428571
600,10.0,0.6,0.5,24.727928571428563
700,10.0,0.6,0.5,24.015201166180752
800,10.0,0.6,0.5,23.38007142857142
30,10.0,0.6,0.0,99.6
50,10.0,0.6,0.0,63.10285714285712
100,10.0,0.6,0.0,40.461428571428556
200,10.0,0.6,0.0,29.84657142857142
300,10.0,0.6,0.0,26.201999999999995
400,10.0,0.6,0.0,24.132214285714277
500,10.0,0.6,0.0,22.92654857142857
600,10.0,0.6,0.0,21.595928571428566
700,10.0,0.6,0.0,21.34826239067055
800,10.0,0.6,0.0,21.38207142857142
30,15.0,0.6,1.0,142.2
50,15.0,0.6,1.0,87.20228571428568
100,15.0,0.6,1.0,53.290285714285694
200,15.0,0.6,1.0,39.6417857142857
300,15.0,0.6,1.0,35.191714285714276
400,15.0,0.6,1.0,32.350821428571415
500,15.0,0.6,1.0,30.610594285714285
600,15.0,0.6,1.0,29.249785714285707
700,15.0,0.6,1.0,28.403212827988334
800,15.0,0.6,1.0,27.652700892857133
30,15.0,0.6,0.5,141.68571428571428
50,15.0,0.6,0.5,86.83199999999997
100,15.0,0.6,0.5,52.194857142857124
200,15.0,0.6,0.5,37.89835714285713
300,15.0,0.6,0.5,33.90599999999999
400,15.0,0.6,0.5,31.461267857142847
500,15.0,0.6,0.5,30.001474285714284
600,15.0,0.6,0.5,28.617428571428565
700,15.0,0.6,0.5,27.186874635568508
800,15.0,0.6,0.5,26.886455357142847
30,15.0,0.6,0.0,141.5142857142857
50,15.0,0.6,0.0,86.67771428571426
100,15.0,0.6,0.0,51.1302857142857
200,15.0,0.6,0.0,34.95535714285713
300,15.0,0.6,0.0,30.32057142857142
400,15.0,0.6,0.0,27.731410714285705
500,15.0,0.6,0.0,26.137234285714285
600,15.0,0.6,0.0,25.139785714285708
700,15.0,0.6,0.0,24.394775510204077
800,15.0,0.6,0.0,23.068607142857136
30,20.0,0.6,1.0,184.79999999999998
50,20.0,0.6,1.0,111.64114285714281
100,20.0,0.6,1.0,63.766285714285694
200,20.0,0.6,1.0,43.4082857142857
300,20.0,0.6,1.0,37.83171428571428
400,20.0,0.6,1.0,34.57639285714284
500,20.0,0.6,1.0,32.573725714285715
600,20.0,0.6,1.0,31.01957142857142
700,20.0,0.6,1.0,29.90702623906705
800,20.0,0.6,1.0,28.918446428571418
30,20.0,0.6,0.5,184.54285714285712
50,20.0,0.6,0.5,111.51771428571425
100,20.0,0.6,0.5,63.21857142857141
200,20.0,0.6,0.5,41.98692857142856
300,20.0,0.6,0.5,36.635142857142846
400,20.0,0.6,0.5,33.69599999999999
500,20.0,0.6,0.5,31.090731428571427
600,20.0,0.6,0.5,29.450999999999993
700,20.0,0.6,0.5,28.48775510204081
800,20.0,0.6,0.5,27.069428571428563
30,20.0,0.6,0.0,184.45714285714283
50,20.0,0.6,0.0,111.42514285714282
100,20.0,0.6,0.0,62.76342857142855
200,20.0,0.6,0.0,39.43349999999999
300,20.0,0.6,0.0,32.95457142857142
400,20.0,0.6,0.0,29.99169642857142
500,20.0,0.6,0.0,28.24385142857143
600,20.0,0.6,0.0,26.47114285714285
700,20.0,0.6,0.0,25.87513119533527
800,20.0,0.6,0.0,24.640031249999993
30,30.0,0.6,1.0,271.2857142857143
50,30.0,0.6,1.0,162.06171428571423
100,30.0,0.6,1.0,87.90428571428568
200,30.0,0.6,1.0,52.649999999999984
300,30.0,0.6,1.0,43.703999999999986
400,30.0,0.6,1.0,39.258482142857126
500,30.0,0.6,1.0,36.722159999999995
600,30.0,0.6,1.0,34.83921428571428
700,30.0,0.6,1.0,33.5607638483965
800,30.0,0.6,1.0,32.46002678571428
30,30.0,0.6,0.5,271.2
50,30.0,0.6,0.5,162.0308571428571
100,30.0,0.6,0.5,87.71914285714283
200,30.0,0.6,0.5,51.21514285714284
300,30.0,0.6,0.5,41.410285714285706
400,30.0,0.6,0.5,36.91237499999999
500,30.0,0.6,0.5,34.534079999999996
600,30.0,0.6,0.5,32.87035714285713
700,30.0,0.6,0.5,31.553002915451888
800,30.0,0.6,0.5,29.579946428571418
30,30.0,0.6,0.0,271.37142857142857
50,30.0,0.6,0.0,162.12342857142852
100,30.0,0.6,0.0,87.63428571428568
200,30.0,0.6,0.0,50.318357142857124
300,30.0,0.6,0.0,39.10285714285713
400,30.0,0.6,0.0,33.712392857142845
500,30.0,0.6,0.0,30.86701714285714
600,30.0,0.6,0.0,28.952785714285707
700,30.0,0.6,0.0,27.730653061224483
800,30.0,0.6,0.0,26.90320982142856
30,5.0,0.7,1.0,175.7142857142857
50,5.0,0.7,1.0,133.88914285714282
100,5.0,0.7,1.0,108.23914285714282
200,5.0,0.7,1.0,88.94185714285712
300,5.0,0.7,1.0,81.96942857142855
400,5.0,0.7,1.0,77.70455357142855
500,5.0,0.7,1.0,75.43738285714285
600,5.0,0.7,1.0,73.59835714285713
700,5.0,0.7,1.0,72.52735276967928
800,5.0,0.7,1.0,71.50106249999997
30,5.0,0.7,0.5,169.28571428571428
50,5.0,0.7,0.5,129.10628571428566
100,5.0,0.7,0.5,104.06571428571425
200,5.0,0.7,0.5,86.41928571428568
300,5.0,0.7,0.5,80.17542857142855
400,5.0,0.7,0.5,76.2460714285714
500,5.0,0.7,0.5,74.1234857142857
600,5.0,0.7,0.5,72.36535714285712
700,5.0,0.7,0.5,71.09344023323614
800,5.0,0.7,0.5,70.0108794642857
30,5.0,0.7,0.0,160.28571428571428
50,5.0,0.7,0.0,118.49142857142853
100,5.0,0.7,0.0,95.21742857142854
200,5.0,0.7,0.0,81.15428571428569
300,5.0,0.7,0.0,75.5125714285714
400,5.0,0.7,0.0,71.42030357142855
500,5.0,0.7,0.0,68.83827428571428
600,5.0,0.7,0.0,65.40899999999998
700,5.0,0.7,0.0,65.26726530612244
800,5.0,0.7,0.0,60.78820982142855
30,2.5,0.7,1.0,140.48571428571427
50,2.5,0.7,1.0,114.60342857142854
100,2.5,0.7,1.0,98.98971428571426
200,2.5,0.7,1.0,86.81849999999997
300,2.5,0.7,1.0,83.1162857142857
400,2.5,0.7,1.0,80.86258928571425
500,2.5,0.7,1.0,79.90611428571428
600,2.5,0.7,1.0,78.95699999999998
700,2.5,0.7,1.0,78.39823906705537
800,2.5,0.7,1.0,78.4879151785714
30,2.5,0.7,0.5,127.71428571428571
50,2.5,0.7,0.5,101.73599999999996
100,2.5,0.7,0.5,86.98628571428569
200,2.5,0.7,0.5,75.95099999999998
300,2.5,0.7,0.5,72.65142857142855
400,2.5,0.7,0.5,70.44010714285712
500,2.5,0.7,0.5,69.3326057142857
600,2.5,0.7,0.5,68.3905714285714
700,2.5,0.7,0.5,68.0327580174927
800,2.5,0.7,0.5,67.61245982142854
30,2.5,0.7,0.0,118.37142857142855
50,2.5,0.7,0.0,92.41714285714282
100,2.5,0.7,0.0,76.83428571428568
200,2.5,0.7,0.0,69.49221428571425
300,2.5,0.7,0.0,65.9982857142857
400,2.5,0.7,0.0,62.60528571428569
500,2.5,0.7,0.0,62.788731428571424
600,2.5,0.7,0.0,62.539928571428554
700,2.5,0.7,0.0,61.72420408163264
800,2.5,0.7,0.0,61.36774553571426
30,10.0,0.7,1.0,259.88571428571424
50,10.0,0.7,1.0,177.18171428571424
100,10.0,0.7,1.0,132.17657142857138
200,10.0,0.7,1.0,104.18528571428568
300,10.0,0.7,1.0,93.5305714285714
400,10.0,0.7,1.0,86.92939285714283
500,10.0,0.7,1.0,83.03780571428571
600,10.0,0.7,1.0,79.98342857142855
700,10.0,0.7,1.0,78.01283965014576
800,10.0,0.7,1.0,74.43478124999997
30,10.0,0.7,0.5,257.1428571428571
50,10.0,0.7,0.5,173.5097142857142
100,10.0,0.7,0.5,128.3888571428571
200,10.0,0.7,0.5,101.34257142857139
300,10.0,0.7,0.5,91.83514285714283
400,10.0,0.7,0.5,85.88699999999997
500,10.0,0.7,0.5,82.2429257142857
600,10.0,0.7,0.5,79.49549999999998
700,10.0,0.7,0.5,77.69309037900874
800,10.0,0.7,0.5,71.20623214285712
30,10.0,0.7,0.0,255.08571428571426
50,10.0,0.7,0.0,167.89371428571422
100,10.0,0.7,0.0,118.58399999999996
200,10.0,0.7,0.0,95.07664285714283
300,10.0,0.7,0.0,86.21914285714284
400,10.0,0.7,0.0,77.61342857142854
500,10.0,0.7,0.0,75.38554285714285
600,10.0,0.7,0.0,69.13671428571426
700,10.0,0.7,0.0,66.61285714285712
30,15.0,0.7,1.0,362.1428571428571
50,15.0,0.7,1.0,229.26857142857133
100,15.0,0.7,1.0,155.5971428571428
200,15.0,0.7,1.0,119.93978571428568
300,15.0,0.7,1.0,106.96799999999998
400,15.0,0.7,1.0,98.97187499999997
500,15.0,0.7,1.0,94.07694857142857
600,15.0,0.7,1.0,90.10135714285713
700,15.0,0.7,1.0,87.56249562682214
800,15.0,0.7,1.0,84.23276785714283
30,15.0,0.7,0.5,361.5428571428571
50,15.0,0.7,0.5,227.6331428571428
100,15.0,0.7,0.5,150.41314285714282
200,15.0,0.7,0.5,114.8753571428571
300,15.0,0.7,0.5,102.41914285714283
400,15.0,0.7,0.5,95.28299999999997
500,15.0,0.7,0.5,88.48532571428571
600,15.0,0.7,0.5,85.03521428571426
700,15.0,0.7,0.5,79.87513119533526
800,15.0,0.7,0.5,78.14716071428569
30,15.0,0.7,0.0,360.68571428571425
50,15.0,0.7,0.0,226.46057142857134
100,15.0,0.7,0.0,143.5551428571428
200,15.0,0.7,0.0,105.21899999999997
300,15.0,0.7,0.0,93.9702857142857
400,15.0,0.7,0.0,86.84887499999996
500,15.0,0.7,0.0,85.23637714285714
600,15.0,0.7,0.0,77.97364285714283
700,15.0,0.7,0.0,76.7963440233236
30,20.0,0.7,1.0,470.82857142857137
50,20.0,0.7,1.0,288.88457142857135
100,20.0,0.7,1.0,177.31285714285707
200,20.0,0.7,1.0,131.14671428571424
300,20.0,0.7,1.0,116.4745714285714
400,20.0,0.7,1.0,107.58487499999997
500,20.0,0.7,1.0,101.9952
600,20.0,0.7,1.0,97.49849999999998
700,20.0,0.7,1.0,94.02297376093293
800,20.0,0.7,1.0,86.05080803571425
30,20.0,0.7,0.5,470.6571428571428
50,20.0,0.7,0.5,288.39085714285704
100,20.0,0.7,0.5,172.82314285714278
200,20.0,0.7,0.5,123.16242857142852
300,20.0,0.7,0.5,108.80914285714283
400,20.0,0.7,0.5,100.60826785714282
500,20.0,0.7,0.5,95.11066285714286
600,20.0,0.7,0.5,92.2765714285714
700,20.0,0.7,0.5,85.39053061224489
800,20.0,0.7,0.5,79.93048660714283
30,20.0,0.7,0.0,469.4571428571428
50,20.0,0.7,0.0,287.6502857142856
100,20.0,0.7,0.0,169.86857142857136
200,20.0,0.7,0.0,119.44028571428566
300,20.0,0.7,0.0,100.00114285714284
400,20.0,0.7,0.0,90.6124821428571
500,20.0,0.7,0.0,87.10878857142856
600,20.0,0.7,0.0,83.30635714285712
700,20.0,0.7,0.0,80.72937026239066
800,20.0,0.7,0.0,78.62279464285712
30,30.0,0.7,1.0,694.7142857142857
50,30.0,0.7,1.0,418.6697142857141
100,30.0,0.7,1.0,233.15657142857134
200,30.0,0.7,1.0,150.22607142857137
300,30.0,0.7,1.0,128.1505714285714
400,30.0,0.7,1.0,117.37864285714282
500,30.0,0.7,1.0,110.80491428571428
600,30.0,0.7,1.0,105.0730714285714
700,30.0,0.7,1.0,101.24260058309036
800,30.0,0.7,1.0,98.22093749999996
30,30.0,0.7,0.5,694.6285714285714
50,30.0,0.7,0.5,418.638857142857
100,30.0,0.7,0.5,232.70914285714278
200,30.0,0.7,0.5,146.25899999999996
300,30.0,0.7,0.5,124.40999999999997
400,30.0,0.7,0.5,111.87401785714282
500,30.0,0.7,0.5,100.39741714285714
600,30.0,0.7,0.5,93.01692857142855
700,30.0,0.7,0.5,88.52552186588919
800,30.0,0.7,0.5,84.29918303571425
30,30.0,0.7,0.0,693.8571428571428
50,30.0,0.7,0.0,418.14514285714273
800,10.0,0.7,0.0,66.61647321428569
800,15.0,0.7,0.0,70.82871428571426
100,30.0,0.7,0.0,231.53657142857134
200,30.0,0.7,0.0,139.64399999999995
300,30.0,0.7,0.0,116.40428571428568
400,30.0,0.7,0.0,102.34976785714282
500,30.0,0.7,0.0,95.72225142857143
600,30.0,0.7,0.0,89.46364285714283
700,30.0,0.7,0.0,85.71893877551018
800,30.0,0.7,0.0,81.71007589285712
500,30.0,0.8,0.0,443.24928
600,30.0,0.8,0.0,420.55521428571416
700,30.0,0.8,0.0,405.3326588921282
800,30.0,0.8,0.0,389.05131696428555
30,20.0,0.8,1.0,1861.1142857142854
50,20.0,0.8,1.0,1179.0514285714282
100,20.0,0.8,1.0,785.4068571428569
200,20.0,0.8,1.0,592.1042142857141
300,20.0,0.8,1.0,525.8177142857141
400,20.0,0.8,1.0,487.2993749999998
500,20.0,0.8,1.0,463.59894857142854
600,20.0,0.8,1.0,443.1621428571427
700,20.0,0.8,1.0,431.77345189504365
800,20.0,0.8,1.0,420.52054017857125
30,20.0,0.8,0.5,1856.3999999999999
50,20.0,0.8,0.5,1166.9554285714282
100,20.0,0.8,0.5,755.9151428571425
200,20.0,0.8,0.5,564.9190714285712
300,20.0,0.8,0.5,498.39599999999984
400,20.0,0.8,0.5,461.3769642857141
500,20.0,0.8,0.5,434.3719885714286
600,20.0,0.8,0.5,419.5452857142856
700,20.0,0.8,0.5,374.8503673469387
800,20.0,0.8,0.5,393.61033928571413
30,20.0,0.8,0.0,1855.285714285714
50,20.0,0.8,0.0,1161.5554285714281
100,20.0,0.8,0.0,725.389714285714
200,20.0,0.8,0.0,514.2940714285712
300,20.0,0.8,0.0,463.1922857142856
400,20.0,0.8,0.0,434.0327142857141
500,20.0,0.8,0.0,397.23202285714285
600,20.0,0.8,0.0,376.16035714285704
700,20.0,0.8,0.0,374.689469387755
800,20.0,0.8,0.0,362.4782544642856
30,30.0,0.8,1.0,2744.485714285714
50,30.0,0.8,1.0,1682.5165714285708
100,30.0,0.8,1.0,1009.1828571428567
200,30.0,0.8,1.0,699.0994285714283
300,30.0,0.8,1.0,607.3405714285713
400,30.0,0.8,1.0,557.5977321428569
500,30.0,0.8,1.0,519.1211314285714
600,30.0,0.8,1.0,495.7686428571427
700,30.0,0.8,1.0,487.40714868804656
800,30.0,0.8,1.0,470.30022321428555
30,30.0,0.8,0.5,2734.285714285714
50,30.0,0.8,0.5,1669.772571428571
100,30.0,0.8,0.5,996.3231428571426
200,30.0,0.8,0.5,674.1726428571426
300,30.0,0.8,0.5,575.232857142857
400,30.0,0.8,0.5,517.7611607142856
500,30.0,0.8,0.5,474.57606857142855
600,30.0,0.8,0.5,447.5914285714285
700,30.0,0.8,0.5,437.71864723032064
800,30.0,0.8,0.5,409.8712098214284
30,30.0,0.8,0.0,2737.6285714285714
50,30.0,0.8,0.0,1669.371428571428
100,30.0,0.8,0.0,975.733714285714
200,30.0,0.8,0.0,637.086214285714
300,30.0,0.8,0.0,534.7002857142855
400,30.0,0.8,0.0,479.6954999999998
30,15.0,0.8,1.0,1443.4285714285713
50,15.0,0.8,1.0,970.7039999999996
100,15.0,0.8,1.0,713.4557142857141
200,15.0,0.8,1.0,561.5729999999998
300,15.0,0.8,1.0,505.6062857142856
400,15.0,0.8,1.0,470.21512499999983
500,15.0,0.8,1.0,449.69194285714286
600,15.0,0.8,1.0,439.15692857142847
700,15.0,0.8,1.0,426.0261516034985
800,15.0,0.8,1.0,416.3757991071427
30,15.0,0.8,0.5,1436.742857142857
50,15.0,0.8,0.5,948.3942857142854
100,15.0,0.8,0.5,677.4994285714283
200,15.0,0.8,0.5,533.9037857142855
300,15.0,0.8,0.5,482.0485714285713
400,15.0,0.8,0.5,451.78087499999987
500,15.0,0.8,0.5,429.81469714285714
600,15.0,0.8,0.5,404.40621428571416
700,15.0,0.8,0.5,400.6741749271136
800,15.0,0.8,0.5,379.695575892857
30,15.0,0.8,0.0,1430.8285714285712
50,15.0,0.8,0.0,931.6079999999997
100,15.0,0.8,0.0,644.5054285714283
200,15.0,0.8,0.0,491.1666428571427
300,15.0,0.8,0.0,438.1585714285713
400,15.0,0.8,0.0,408.1474285714284
500,15.0,0.8,0.0,394.85478857142857
600,15.0,0.8,0.0,373.43807142857133
700,15.0,0.8,0.0,364.00817492711366
800,15.0,0.8,0.0,362.2191026785713
30,10.0,0.8,1.0,1086.8571428571427
50,10.0,0.8,1.0,805.1245714285711
100,10.0,0.8,1.0,635.7188571428569
200,10.0,0.8,1.0,510.8187857142855
300,10.0,0.8,1.0,462.8091428571427
400,10.0,0.8,1.0,433.13158928571414
500,10.0,0.8,1.0,415.89843428571425
600,10.0,0.8,1.0,400.28121428571416
700,10.0,0.8,1.0,393.8520699708454
800,10.0,0.8,1.0,383.0252544642856
30,10.0,0.8,0.5,1061.4857142857143
50,10.0,0.8,0.5,771.1199999999998
100,10.0,0.8,0.5,608.2637142857141
200,10.0,0.8,0.5,488.2082142857141
300,10.0,0.8,0.5,441.3822857142856
400,10.0,0.8,0.5,410.99978571428557
500,10.0,0.8,0.5,394.10094857142855
600,10.0,0.8,0.5,389.7122142857142
700,10.0,0.8,0.5,376.2479125364431
800,10.0,0.8,0.5,375.621107142857
30,10.0,0.8,0.0,1040.8285714285714
50,10.0,0.8,0.0,732.8262857142854
100,10.0,0.8,0.0,564.8245714285712
200,10.0,0.8,0.0,460.53128571428556
300,10.0,0.8,0.0,401.9519999999999
400,10.0,0.8,0.0,366.18364285714273
500,10.0,0.8,0.0,358.21254857142856
600,10.0,0.8,0.0,355.4509285714285
700,10.0,0.8,0.0,335.2381399416909
800,10.0,0.8,0.0,337.8516026785713
30,5.0,0.8,1.0,783.2571428571428
50,5.0,0.8,1.0,623.6228571428569
100,5.0,0.8,1.0,517.0114285714284
200,5.0,0.8,1.0,433.0279285714284
300,5.0,0.8,1.0,401.922857142857
400,5.0,0.8,1.0,381.6107678571427
500,5.0,0.8,1.0,373.7608457142857
600,5.0,0.8,1.0,364.1657142857142
700,5.0,0.8,1.0,355.9446997084547
800,5.0,0.8,1.0,351.38667857142843
30,5.0,0.8,0.5,747.7714285714285
50,5.0,0.8,0.5,593.9691428571426
100,5.0,0.8,0.5,495.58114285714265
200,5.0,0.8,0.5,414.53678571428554
300,5.0,0.8,0.5,385.254857142857
400,5.0,0.8,0.5,369.22933928571416
500,5.0,0.8,0.5,361.7305714285714
600,5.0,0.8,0.5,351.0231428571428
700,5.0,0.8,0.5,350.86712536443144
800,5.0,0.8,0.5,344.75829910714276
30,5.0,0.8,0.0,711.7714285714285
50,5.0,0.8,0.0,560.1805714285713
100,5.0,0.8,0.0,467.09999999999985
200,5.0,0.8,0.0,389.21464285714274
300,5.0,0.8,0.0,347.80885714285705
400,5.0,0.8,0.0,323.4614464285713
500,5.0,0.8,0.0,314.1349714285714
600,5.0,0.8,0.0,314.5540714285713
700,5.0,0.8,0.0,293.5170787172011
800,5.0,0.8,0.0,301.9602857142856
30,2.5,0.8,1.0,638.9999999999999
50,2.5,0.8,1.0,530.4342857142856
100,2.5,0.8,1.0,471.57428571428557
200,2.5,0.8,1.0,422.054357142857
300,2.5,0.8,1.0,413.66657142857133
400,2.5,0.8,1.0,404.122982142857
500,2.5,0.8,1.0,404.78862857142855
600,2.5,0.8,1.0,400.0900714285713
700,2.5,0.8,1.0,394.3597959183673
800,2.5,0.8,1.0,396.1502678571427
30,2.5,0.8,0.5,590.3142857142857
50,2.5,0.8,0.5,486.5554285714284
100,2.5,0.8,0.5,423.84599999999983
200,2.5,0.8,0.5,372.144857142857
300,2.5,0.8,0.5,359.94257142857134
400,2.5,0.8,0.5,354.9328392857142
500,2.5,0.8,0.5,346.8697714285714
600,2.5,0.8,0.5,343.4734285714285
700,2.5,0.8,0.5,348.7030320699708
800,2.5,0.8,0.5,344.23649999999986
30,2.5,0.8,0.0,565.0285714285714
50,2.5,0.8,0.0,469.95428571428556
100,2.5,0.8,0.0,416.5174285714284
200,2.5,0.8,0.0,370.902857142857
300,2.5,0.8,0.0,356.5157142857142
400,2.5,0.8,0.0,347.53339285714276
500,2.5,0.8,0.0,344.53234285714285
600,2.5,0.8,0.0,340.3369285714285
700,2.5,0.8,0.0,340.73165597667634
800,2.5,0.8,0.0,337.78651339285705
30,20.0,0.9,1.0,21108.514285714282
50,20.0,0.9,1.0,14395.04228571428
100,20.0,0.9,1.0,10587.64114285714
200,20.0,0.9,1.0,8492.38714285714
300,20.0,0.9,1.0,7871.170285714284
400,20.0,0.9,1.0,7483.22164285714
500,20.0,0.9,1.0,7018.6503085714285
600,20.0,0.9,1.0,6635.080499999998
700,20.0,0.9,1.0,6167.115026239066
800,20.0,0.9,1.0,5856.785276785712
30,20.0,0.9,0.5,20973.342857142856
50,20.0,0.9,0.5,14030.002285714281
100,20.0,0.9,0.5,10114.54714285714
200,20.0,0.9,0.5,7716.611571428569
300,20.0,0.9,0.5,6417.467999999998
400,20.0,0.9,0.5,6313.627446428569
500,20.0,0.9,0.5,5795.356834285714
600,20.0,0.9,0.5,5544.55307142857
700,20.0,0.9,0.5,5363.179399416908
800,20.0,0.9,0.5,5279.15029017857
30,20.0,0.9,0.0,20931.342857142856
50,20.0,0.9,0.0,13745.345142857139
100,20.0,0.9,0.0,9413.426571428568
200,20.0,0.9,0.0,7220.650499999997
300,20.0,0.9,0.0,6474.5811428571415
400,20.0,0.9,0.0,6133.167642857141
500,20.0,0.9,0.0,5754.35016
600,20.0,0.9,0.0,5574.325714285713
700,20.0,0.9,0.0,5387.463183673468
800,20.0,0.9,0.0,5392.4275848214265
30,30.0,0.9,1.0,30247.62857142857
50,30.0,0.9,1.0,19145.96228571428
100,30.0,0.9,1.0,12392.321142857138
200,30.0,0.9,1.0,9175.435071428568
300,30.0,0.9,1.0,8270.72914285714
400,30.0,0.9,1.0,7461.124071428569
500,30.0,0.9,1.0,5895.118285714286
600,30.0,0.9,1.0,5595.017785714284
700,30.0,0.9,1.0,5461.749236151602
800,30.0,0.9,1.0,5246.584553571427
30,30.0,0.9,0.5,30220.028571428567
50,30.0,0.9,0.5,19041.572571428565
100,30.0,0.9,0.5,12049.428857142853
200,30.0,0.9,0.5,8606.21914285714
300,30.0,0.9,0.5,6944.457428571427
400,30.0,0.9,0.5,6237.769499999998
500,30.0,0.9,0.5,5738.544514285714
600,30.0,0.9,0.5,5523.675642857142
700,30.0,0.9,0.5,5334.480367346938
800,30.0,0.9,0.5,5183.522075892855
30,30.0,0.9,0.0,30233.914285714283
50,30.0,0.9,0.0,19013.060571428563
100,30.0,0.9,0.0,11676.71314285714
200,30.0,0.9,0.0,7999.7432142857115
300,30.0,0.9,0.0,6797.711999999999
400,30.0,0.9,0.0,6138.60476785714
500,30.0,0.9,0.0,5785.260994285714
600,30.0,0.9,0.0,5537.713285714284
700,30.0,0.9,0.0,5435.418962099125
800,30.0,0.9,0.0,5291.061508928569
30,15.0,0.9,1.0,17234.057142857142
50,15.0,0.9,1.0,12503.715428571424
100,15.0,0.9,1.0,9796.116857142853
200,15.0,0.9,1.0,8097.986571428569
300,15.0,0.9,1.0,7483.858285714284
400,15.0,0.9,1.0,7017.11389285714
500,15.0,0.9,1.0,6687.86112
600,15.0,0.9,1.0,6453.086357142855
700,15.0,0.9,1.0,6341.64601749271
800,15.0,0.9,1.0,6061.594741071426
30,15.0,0.9,0.5,16944.42857142857
50,15.0,0.9,0.5,12099.486857142852
100,15.0,0.9,0.5,9397.272857142854
200,15.0,0.9,0.5,7611.735857142854
300,15.0,0.9,0.5,6876.081428571427
400,15.0,0.9,0.5,6349.020589285712
500,15.0,0.9,0.5,6029.24904
600,15.0,0.9,0.5,5800.886999999999
700,15.0,0.9,0.5,5909.488425655975
800,15.0,0.9,0.5,5753.532214285712
30,15.0,0.9,0.0,16718.82857142857
50,15.0,0.9,0.0,11608.055999999995
100,15.0,0.9,0.0,8686.216285714283
200,15.0,0.9,0.0,6936.388714285712
300,15.0,0.9,0.0,6358.595142857142
400,15.0,0.9,0.0,6037.34126785714
500,15.0,0.9,0.0,5836.00248
600,15.0,0.9,0.0,5632.210499999998
700,15.0,0.9,0.0,5399.5207696792995
800,15.0,0.9,0.0,5576.751883928569
30,10.0,0.9,1.0,14030.057142857142
50,10.0,0.9,1.0,10926.236571428568
100,10.0,0.9,1.0,8924.664857142854
200,10.0,0.9,1.0,7520.660999999997
300,10.0,0.9,1.0,7074.942857142855
400,10.0,0.9,1.0,6772.104321428569
500,10.0,0.9,1.0,6688.209188571428
600,10.0,0.9,1.0,6469.523785714284
700,10.0,0.9,1.0,6484.2039708454795
800,10.0,0.9,1.0,6409.553624999998
30,10.0,0.9,0.5,13492.62857142857
50,10.0,0.9,0.5,10440.452571428568
100,10.0,0.9,0.5,8608.27114285714
200,10.0,0.9,0.5,7127.09164285714
300,10.0,0.9,0.5,6743.022857142855
400,10.0,0.9,0.5,6493.28014285714
500,10.0,0.9,0.5,6271.019074285714
600,10.0,0.9,0.5,6114.86657142857
700,10.0,0.9,0.5,6085.493790087462
800,10.0,0.9,0.5,5932.4392767857125
30,10.0,0.9,0.0,12833.314285714285
50,10.0,0.9,0.0,9748.882285714282
100,10.0,0.9,0.0,7957.401428571426
200,10.0,0.9,0.0,6758.381571428569
300,10.0,0.9,0.0,6467.57057142857
400,10.0,0.9,0.0,6185.358160714283
500,10.0,0.9,0.0,6044.917988571428
600,10.0,0.9,0.0,6300.654214285712
700,10.0,0.9,0.0,5796.195166180757
800,10.0,0.9,0.0,5698.197763392855
30,5.0,0.9,1.0,10853.142857142857
50,5.0,0.9,1.0,8814.92914285714
100,5.0,0.9,1.0,7574.911714285711
200,5.0,0.9,1.0,6707.598428571426
300,5.0,0.9,1.0,6462.931714285713
400,5.0,0.9,1.0,6351.040767857141
500,5.0,0.9,1.0,6305.172377142857
600,5.0,0.9,1.0,6137.516999999998
700,5.0,0.9,1.0,6179.5170787172
800,5.0,0.9,1.0,6155.263526785712
30,5.0,0.9,0.5,10261.028571428571
50,5.0,0.9,0.5,8347.011428571426
100,5.0,0.9,0.5,7066.979999999998
200,5.0,0.9,0.5,6402.299785714284
300,5.0,0.9,0.5,6077.85257142857
400,5.0,0.9,0.5,5885.459999999998
500,5.0,0.9,0.5,5670.881897142857
600,5.0,0.9,0.5,5664.896999999998
700,5.0,0.9,0.5,5606.169166180757
800,5.0,0.9,0.5,5554.333325892855
30,5.0,0.9,0.0,9868.62857142857
50,5.0,0.9,0.0,8053.5908571428545
100,5.0,0.9,0.0,6826.186285714283
200,5.0,0.9,0.0,5954.811428571426
300,5.0,0.9,0.0,5657.363142857142
400,5.0,0.9,0.0,5599.2248035714265
500,5.0,0.9,0.0,5261.348674285714
600,5.0,0.9,0.0,5339.349642857142
700,5.0,0.9,0.0,5483.621440233235
800,5.0,0.9,0.0,5332.44997767857
30,2.5,0.9,1.0,8801.914285714285
50,2.5,0.9,1.0,7402.042285714283
100,2.5,0.9,1.0,6697.488857142855
200,2.5,0.9,1.0,6276.342857142855
300,2.5,0.9,1.0,6205.76057142857
400,2.5,0.9,1.0,6139.745517857141
500,2.5,0.9,1.0,6121.115691428571
600,2.5,0.9,1.0,6082.852928571427
700,2.5,0.9,1.0,6119.04652478134
800,2.5,0.9,1.0,6085.378607142855
30,2.5,0.9,0.5,8319.685714285713
50,2.5,0.9,0.5,6930.32914285714
100,2.5,0.9,0.5,6188.862857142855
200,2.5,0.9,0.5,5737.611857142855
300,2.5,0.9,0.5,5668.855714285713
400,2.5,0.9,0.5,5548.747339285712
500,2.5,0.9,0.5,5579.8357371428565
600,2.5,0.9,0.5,5534.962928571427
700,2.5,0.9,0.5,5489.675895043731
800,2.5,0.9,0.5,5476.190745535712
30,2.5,0.9,0.0,7983.685714285713
50,2.5,0.9,0.0,6678.874285714283
100,2.5,0.9,0.0,5989.386857142855
200,2.5,0.9,0.0,5664.653999999998
300,2.5,0.9,0.0,5348.790857142856
400,2.5,0.9,0.0,5233.191107142855
500,2.5,0.9,0.0,5190.653725714285
600,2.5,0.9,0.0,5374.132285714284
700,2.5,0.9,0.0,5238.718373177841
800,2.5,0.9,0.0,5294.945772321426
